Item_ID,Category,Warehouse_ID,Stock_Quantity,Reorder_Level,Daily_Sales,Lead_Time,Shelf_Life,Order_Frequency,Restock_Cost,Storage_Cost,Demand_Forecast,Stockout_Risk,Automation_Required,Restock_Flag
1001,Grocery,W2,792,40,16,13,75,59,248.34,1.35,534,0,0,0
1002,Grocery,W5,605,46,50,3,251,53,415.36,3.18,458,0,0,0
1003,Electronics,W1,36,156,40,7,213,46,28.75,3.44,610,1,1,1
1004,Grocery,W2,320,29,4,7,223,59,407.95,4.86,336,1,1,0
1005,Apparel,W2,581,161,25,9,150,55,293.27,1.83,445,0,0,0
1006,Electronics,W5,806,46,14,5,175,31,114.08,1.08,722,0,0,0
1007,Toys,W1,643,67,11,15,221,41,434.83,4.43,839,1,1,0
1008,Furniture,W3,918,45,48,11,96,43,172.23,4.82,687,0,0,0
1009,Furniture,W1,78,156,16,15,312,18,33.51,0.99,696,1,1,1
1010,Electronics,W5,361,175,5,8,51,39,191.29,1.98,753,1,1,0
1011,Furniture,W3,252,17,11,13,194,42,492.12,0.77,749,1,1,0
1012,Grocery,W4,929,112,43,14,280,52,177.83,4.02,756,0,0,0
1013,Furniture,W4,422,120,46,3,232,58,352.14,4.94,932,1,1,0
1014,Electronics,W3,296,26,26,9,33,43,363.48,2.62,506,1,1,0
1015,Apparel,W4,961,166,5,2,219,34,219.09,2.32,885,0,0,0
1016,Grocery,W3,242,117,24,6,199,33,22.29,4.65,207,0,0,0
1017,Apparel,W3,984,140,2,14,188,49,222.72,3.36,990,1,1,0
1018,Electronics,W4,876,135,46,14,300,50,407.49,4.25,274,0,0,0
1019,Electronics,W1,891,138,20,13,271,49,149.57,1.82,91,0,0,0
1020,Electronics,W5,557,176,14,10,176,12,11.71,1.42,117,0,0,0
1021,Grocery,W5,97,78,40,14,251,40,246.46,2.45,861,1,1,0
1022,Toys,W1,682,153,48,8,296,15,120.5,2.95,244,0,0,0
1023,Electronics,W3,542,42,47,1,232,37,44.74,1.83,150,0,0,0
1024,Electronics,W4,450,57,17,4,214,36,181.5,3.54,455,1,1,0
1025,Electronics,W3,251,140,9,14,160,15,386.11,4.92,357,1,1,0
1026,Electronics,W5,293,61,4,6,160,37,424.15,3.76,681,1,1,0
1027,Furniture,W3,923,106,5,6,114,22,84.23,3.87,275,0,0,0
1028,Electronics,W1,791,132,20,4,275,44,199.49,1.38,364,0,0,0
1029,Furniture,W2,726,47,23,15,364,45,435.6,3.14,709,0,0,0
1030,Grocery,W1,505,88,15,14,192,24,26.76,2.53,673,1,1,0
1031,Electronics,W5,760,197,41,15,328,30,64.58,1.37,199,0,0,0
1032,Grocery,W5,282,145,17,11,280,37,251.86,3.24,561,1,1,0
1033,Apparel,W5,791,159,36,15,107,25,267.94,1.78,656,0,0,0
1034,Apparel,W2,994,141,42,10,202,48,108.78,3.23,451,0,0,0
1035,Apparel,W4,350,150,4,5,81,30,39,3.67,649,1,1,0
1036,Furniture,W3,568,104,33,13,103,14,284.01,2.54,982,1,1,0
1037,Grocery,W3,233,134,43,7,162,52,159.53,3.31,113,0,0,0
1038,Apparel,W5,824,75,1,3,337,53,499.55,4.73,627,0,0,0
1039,Toys,W5,512,130,42,13,46,33,210.98,2.87,893,1,1,0
1040,Toys,W1,706,104,42,9,327,11,209.27,4.64,747,1,1,0
1041,Apparel,W4,531,176,37,10,337,39,280.57,4.42,561,1,1,0
1042,Furniture,W3,416,161,27,2,166,33,25.22,2.87,818,1,1,0
1043,Grocery,W4,939,178,37,6,206,46,249.45,3.44,473,0,0,0
1044,Toys,W3,679,143,17,14,185,39,344.28,4.21,315,0,0,0
1045,Apparel,W5,443,23,50,8,364,55,176.15,3.69,51,0,0,0
1046,Apparel,W1,554,126,35,15,229,41,129.98,4.3,672,1,1,0
1047,Toys,W5,28,108,41,9,162,40,275.37,2.6,873,1,1,1
1048,Grocery,W5,799,64,36,6,272,52,456.57,3.73,713,0,0,0
1049,Toys,W5,58,199,45,14,167,16,257.99,3.45,158,1,1,1
1050,Grocery,W2,57,104,9,12,355,18,373.82,3.01,459,1,1,1
1051,Apparel,W2,498,109,8,1,159,16,33.68,4.26,184,0,0,0
1052,Furniture,W2,252,58,46,10,45,30,275.51,1.28,556,1,1,0
1053,Electronics,W3,507,178,47,6,317,26,188.45,0.86,638,1,1,0
1054,Toys,W1,772,53,50,3,238,49,310.75,4.26,990,1,1,0
1055,Furniture,W1,602,87,18,4,316,17,161.37,3.94,511,0,0,0
1056,Electronics,W5,178,79,16,13,76,55,98.84,0.8,371,1,1,0
1057,Toys,W5,594,92,9,12,192,56,74.86,2.73,682,1,1,0
1058,Grocery,W4,74,34,2,15,101,48,253.86,1.29,134,1,1,0
1059,Electronics,W2,731,141,10,13,247,42,257.57,1.05,845,1,1,0
1060,Toys,W3,914,147,25,4,351,21,324.24,0.99,434,0,0,0
1061,Apparel,W2,653,22,18,1,142,16,125.88,3.69,262,0,0,0
1062,Grocery,W4,162,83,42,9,80,54,180.67,4.75,699,1,1,0
1063,Grocery,W4,800,20,33,15,162,58,455.38,3.97,614,0,0,0
1064,Furniture,W2,139,114,13,9,350,51,175.44,4.31,242,1,1,0
1065,Grocery,W3,721,30,1,6,78,14,343.02,0.9,880,1,1,0
1066,Furniture,W2,337,107,20,8,125,49,440.29,4.11,752,1,1,0
1067,Apparel,W2,228,200,29,4,261,57,141.73,1.65,258,1,1,0
1068,Grocery,W4,326,158,8,3,259,16,398.9,3.83,538,1,1,0
1069,Grocery,W3,257,149,29,13,133,18,213,0.6,145,0,0,0
1070,Grocery,W4,614,91,6,5,303,25,379.33,1.27,155,0,0,0
1071,Furniture,W4,576,38,39,5,267,50,90.72,4.73,863,1,1,0
1072,Grocery,W5,574,153,38,3,330,15,325.85,0.57,790,1,1,0
1073,Grocery,W3,81,188,3,14,43,29,382.82,2.65,783,1,1,1
1074,Furniture,W4,448,143,37,12,81,23,243.27,4.35,513,1,1,0
1075,Toys,W3,624,181,21,9,270,28,281.09,0.84,536,0,0,0
1076,Apparel,W1,835,75,34,10,98,52,272.85,1.4,408,0,0,0
1077,Electronics,W5,859,44,26,7,337,40,363.46,1.78,699,0,0,0
1078,Toys,W2,191,20,26,15,234,24,187.29,2.01,805,1,1,0
1079,Furniture,W5,701,53,3,8,285,11,65.32,1.28,510,0,0,0
1080,Electronics,W5,681,51,38,1,198,56,333.34,3.8,903,1,1,0
1081,Apparel,W3,937,65,31,10,279,33,146.68,1.05,393,0,0,0
1082,Toys,W2,753,116,12,11,176,16,359.58,1.34,866,1,1,0
1083,Toys,W1,608,129,22,15,72,36,499.44,3.66,694,1,1,0
1084,Apparel,W3,852,39,37,15,245,57,110.01,4.03,604,0,0,0
1085,Apparel,W2,303,166,38,7,217,23,163.74,3.82,787,1,1,0
1086,Apparel,W5,932,127,12,4,87,58,242.32,0.74,524,0,0,0
1087,Furniture,W1,821,31,27,14,114,26,20.93,0.62,74,0,0,0
1088,Grocery,W5,171,194,36,11,243,56,474.22,2.89,947,1,1,1
1089,Apparel,W5,422,112,42,3,326,27,498.81,3.16,934,1,1,0
1090,Grocery,W5,943,44,31,1,173,28,55.4,0.92,751,0,0,0
1091,Toys,W5,961,82,27,1,231,33,451.7,1.06,797,0,0,0
1092,Grocery,W3,212,141,10,10,178,51,192.86,2.98,753,1,1,0
1093,Electronics,W1,733,30,22,1,166,29,24.24,4.28,94,0,0,0
1094,Electronics,W5,254,124,49,2,314,19,359.39,4.94,92,0,0,0
1095,Grocery,W1,529,118,39,7,132,13,124.67,4.06,298,0,0,0
1096,Grocery,W5,81,188,33,11,97,52,343.15,1.09,951,1,1,1
1097,Furniture,W5,975,83,34,6,327,47,235.79,0.91,949,0,0,0
1098,Grocery,W1,372,19,2,9,258,28,289.41,3.51,481,1,1,0
1099,Apparel,W1,349,181,14,7,279,37,321.26,2.1,622,1,1,0
1100,Furniture,W1,622,75,43,11,91,25,428.14,1.29,251,0,0,0
1101,Grocery,W1,937,183,37,1,323,52,314.93,1.13,377,0,0,0
1102,Electronics,W5,738,95,19,7,121,60,270.74,3.23,972,1,1,0
1103,Apparel,W4,742,123,31,13,116,15,127.32,3.17,702,0,0,0
1104,Apparel,W5,453,81,46,8,33,43,441.86,4.47,572,1,1,0
1105,Electronics,W1,77,95,35,12,294,47,293.9,3.8,623,1,1,1
1106,Furniture,W3,291,134,46,1,225,58,138.59,3.48,424,1,1,0
1107,Electronics,W5,657,151,26,13,139,17,491.84,4.43,858,1,1,0
1108,Toys,W3,212,187,20,14,248,37,106.29,3.01,781,1,1,0
1109,Furniture,W2,74,188,2,2,173,22,103.57,2.16,330,1,1,1
1110,Toys,W3,36,154,4,10,259,57,234.59,2.68,319,1,1,1
1111,Grocery,W4,832,177,10,4,365,48,109.07,0.78,683,0,0,0
1112,Apparel,W4,621,194,28,13,132,18,296.45,1.72,466,0,0,0
1113,Furniture,W5,422,152,17,12,57,33,389.53,2.4,468,1,1,0
1114,Apparel,W4,640,100,32,6,251,47,305.66,4.24,353,0,0,0
1115,Grocery,W2,100,66,39,14,233,49,97.29,4.26,786,1,1,0
1116,Toys,W3,226,80,24,3,227,16,110.56,3.77,167,0,0,0
1117,Toys,W2,407,189,39,1,148,12,163.07,1.6,903,1,1,0
1118,Furniture,W2,202,104,6,12,257,20,286.89,4.12,871,1,1,0
1119,Apparel,W2,691,88,41,9,179,20,48.65,0.81,203,0,0,0
1120,Apparel,W4,236,25,31,14,339,39,352.5,4.65,484,1,1,0
1121,Apparel,W3,595,151,25,13,55,15,149.45,0.53,620,1,1,0
1122,Apparel,W5,423,72,7,5,105,25,404.86,1.25,230,0,0,0
1123,Grocery,W3,611,133,44,15,166,49,237.35,2.8,870,1,1,0
1124,Electronics,W3,322,112,23,1,98,35,157.59,2.18,539,1,1,0
1125,Toys,W3,358,140,20,11,273,40,253.4,1.18,86,0,0,0
1126,Furniture,W3,170,144,24,12,110,51,378.23,0.81,462,1,1,0
1127,Furniture,W5,403,194,24,5,78,15,288.92,1.44,710,1,1,0
1128,Grocery,W1,422,55,2,1,33,13,338.29,3.16,307,0,0,0
1129,Furniture,W5,502,72,38,11,132,20,165.02,4.7,358,0,0,0
1130,Furniture,W4,684,81,32,5,33,36,433.27,1.53,894,1,1,0
1131,Furniture,W1,515,153,40,7,357,40,108.11,2.8,92,0,0,0
1132,Toys,W4,499,122,26,13,163,11,268.86,2.29,413,0,0,0
1133,Electronics,W4,254,10,50,12,266,58,291.6,4.05,804,1,1,0
1134,Grocery,W4,481,159,48,14,67,27,53.62,2.36,665,1,1,0
1135,Apparel,W3,427,123,35,11,331,41,374.75,1.53,967,1,1,0
1136,Toys,W2,873,190,29,8,84,31,413.76,1.02,70,0,0,0
1137,Apparel,W4,437,46,38,5,59,38,69.46,0.83,850,1,1,0
1138,Apparel,W3,807,57,29,9,303,39,84.13,3.09,123,0,0,0
1139,Grocery,W3,917,34,49,1,170,17,77.23,1,521,0,0,0
1140,Electronics,W5,293,54,48,15,221,15,324.22,0.73,728,1,1,0
1141,Grocery,W5,613,170,27,7,307,47,281.8,4.82,876,1,1,0
1142,Toys,W4,586,42,18,5,339,28,366.62,4.85,160,0,0,0
1143,Grocery,W1,205,197,10,13,134,53,119.42,1.42,74,0,0,0
1144,Electronics,W5,186,195,28,13,171,18,463.64,0.93,82,0,1,1
1145,Electronics,W3,594,130,22,1,211,30,309.03,0.56,465,0,0,0
1146,Furniture,W2,809,66,5,4,148,22,407.53,4.86,75,0,0,0
1147,Toys,W5,220,108,10,15,275,26,106.04,2.15,430,1,1,0
1148,Grocery,W1,955,92,13,3,224,45,245.31,1.05,988,1,1,0
1149,Grocery,W3,857,41,4,2,104,60,261.86,0.9,570,0,0,0
1150,Grocery,W3,519,48,27,12,257,32,220.86,1.43,728,1,1,0
1151,Toys,W2,618,138,39,11,108,18,254.01,3.96,970,1,1,0
1152,Toys,W5,60,138,9,2,349,41,66.13,2.64,252,1,1,1
1153,Grocery,W5,260,123,10,3,53,57,474.36,1.21,664,1,1,0
1154,Toys,W4,831,155,6,13,163,51,93.93,2.32,129,0,0,0
1155,Electronics,W3,118,153,29,15,132,31,195.79,2.08,90,0,1,1
1156,Electronics,W5,758,84,40,8,189,49,264.11,4.1,85,0,0,0
1157,Grocery,W2,582,164,44,1,242,27,478.08,1.43,268,0,0,0
1158,Apparel,W4,205,68,16,6,132,24,139.86,1.22,121,0,0,0
1159,Furniture,W3,300,12,17,12,303,17,374.17,3.4,1000,1,1,0
1160,Furniture,W3,564,161,23,2,144,47,185.09,2.24,314,0,0,0
1161,Toys,W1,88,173,6,15,284,41,444.04,4.15,368,1,1,1
1162,Apparel,W3,390,168,29,2,342,35,143.82,0.63,417,1,1,0
1163,Electronics,W3,436,99,40,14,74,48,61.64,2.9,612,1,1,0
1164,Electronics,W1,376,145,17,8,296,50,398.34,4.04,936,1,1,0
1165,Toys,W2,363,69,35,5,187,10,184.47,3.28,391,1,1,0
1166,Toys,W5,537,153,27,10,123,14,418,1.72,94,0,0,0
1167,Electronics,W1,644,29,3,15,203,33,354.39,3.12,737,1,1,0
1168,Apparel,W3,155,58,40,15,128,43,436.6,2.76,345,1,1,0
1169,Furniture,W4,768,12,38,9,109,38,47.71,0.84,578,0,0,0
1170,Apparel,W2,207,103,10,3,319,22,231.47,4.01,569,1,1,0
1171,Toys,W4,568,130,41,11,313,29,213.89,2.69,177,0,0,0
1172,Electronics,W4,649,14,21,11,108,39,123.75,1.45,899,1,1,0
1173,Toys,W2,248,63,17,6,61,31,48.22,2.5,878,1,1,0
1174,Grocery,W5,125,71,5,3,43,28,355.09,1.37,126,1,1,0
1175,Furniture,W4,427,190,27,11,54,56,431.28,1.34,603,1,1,0
1176,Toys,W4,553,22,4,11,217,21,361.27,2.01,366,0,0,0
1177,Apparel,W4,130,144,41,8,130,59,90.32,1.6,473,1,1,1
1178,Furniture,W2,101,46,26,8,337,43,287.34,1.56,175,1,1,0
1179,Apparel,W4,651,12,14,3,323,53,411.79,0.58,354,0,0,0
1180,Apparel,W3,908,38,48,4,162,39,342.38,3.93,996,1,1,0
1181,Electronics,W1,686,116,37,13,242,23,39.11,0.83,181,0,0,0
1182,Apparel,W4,668,157,46,10,56,18,427.19,0.54,677,1,1,0
1183,Electronics,W2,75,97,11,2,241,13,94.3,3.4,613,1,1,1
1184,Electronics,W3,687,96,50,9,229,22,414.27,2.27,523,0,0,0
1185,Apparel,W5,140,156,7,7,192,11,51.6,1.06,611,1,1,1
1186,Electronics,W2,808,94,21,14,139,42,303.79,4.81,115,0,0,0
1187,Apparel,W4,191,92,13,13,335,47,225.25,2.13,429,1,1,0
1188,Furniture,W2,285,121,4,6,218,57,213.82,0.66,387,1,1,0
1189,Apparel,W2,170,40,16,8,47,47,77.73,2.66,953,1,1,0
1190,Furniture,W1,297,96,44,11,49,37,247.14,2.79,675,1,1,0
1191,Grocery,W5,426,107,19,13,329,28,309.02,2.35,561,1,1,0
1192,Electronics,W2,163,73,41,7,195,24,213.05,0.9,766,1,1,0
1193,Apparel,W3,818,75,22,1,187,55,366.13,2.64,267,0,0,0
1194,Grocery,W3,222,126,9,13,265,25,11,3.54,808,1,1,0
1195,Furniture,W1,490,24,19,3,211,55,100.56,1.84,618,1,1,0
1196,Apparel,W5,940,157,30,3,52,58,163.13,2.39,464,0,0,0
1197,Apparel,W5,585,39,1,6,219,43,441.94,0.82,280,0,0,0
1198,Toys,W4,269,114,46,4,37,19,454.06,2.5,995,1,1,0
1199,Grocery,W3,293,23,2,15,204,17,498.12,1.57,665,1,1,0
1200,Furniture,W4,862,36,30,12,99,35,393.69,3.48,108,0,0,0
1201,Toys,W2,391,61,16,9,70,49,363.71,1.06,958,1,1,0
1202,Furniture,W2,704,189,12,3,171,15,95.71,2.05,561,0,0,0
1203,Grocery,W4,161,32,10,4,244,14,167.62,1.67,144,0,0,0
1204,Electronics,W3,388,192,9,1,69,50,327.19,2.66,939,1,1,0
1205,Furniture,W5,122,23,33,11,50,58,488.98,2.75,302,1,1,0
1206,Electronics,W2,253,144,27,13,335,52,380.04,1.95,207,0,0,0
1207,Furniture,W5,482,103,42,3,155,23,128.45,1.05,509,1,1,0
1208,Apparel,W4,622,61,38,11,151,22,263.41,3.24,851,1,1,0
1209,Furniture,W2,567,61,12,6,152,22,455.49,1.64,844,1,1,0
1210,Grocery,W4,774,189,11,12,289,57,344.94,1.75,320,0,0,0
1211,Electronics,W1,251,187,3,11,119,27,206.29,1.86,808,1,1,0
1212,Furniture,W1,725,19,2,9,33,36,192.25,3.54,640,0,0,0
1213,Electronics,W4,481,198,47,6,325,32,255.81,3.46,85,0,0,0
1214,Apparel,W2,812,136,2,8,327,37,197.32,4.45,869,1,1,0
1215,Grocery,W4,478,13,41,12,139,31,158.75,4.4,801,1,1,0
1216,Furniture,W3,868,141,43,9,301,19,33.67,1.33,321,0,0,0
1217,Toys,W5,819,192,34,11,236,43,136.12,2.7,888,1,1,0
1218,Electronics,W3,83,13,23,9,224,38,81.51,4.69,602,1,1,0
1219,Toys,W3,613,82,7,7,228,54,135.57,1.35,857,1,1,0
1220,Grocery,W4,948,149,27,9,342,23,176.6,2.33,819,0,0,0
1221,Toys,W4,740,33,12,1,267,43,407.03,3.66,718,0,0,0
1222,Grocery,W2,879,152,43,2,334,18,246.1,1.65,784,0,0,0
1223,Electronics,W2,994,103,31,12,125,58,463.9,4.51,875,0,0,0
1224,Grocery,W4,798,196,17,12,303,13,386.29,3.97,325,0,0,0
1225,Grocery,W2,791,18,10,7,222,13,25.46,2.53,704,0,0,0
1226,Electronics,W2,188,173,14,6,155,44,361.93,2.92,183,0,0,0
1227,Toys,W1,782,56,4,14,325,15,26.45,3.42,235,0,0,0
1228,Toys,W4,46,177,45,12,92,30,57.08,4.21,152,1,1,1
1229,Furniture,W5,870,103,4,14,197,10,54.08,4.51,405,0,0,0
1230,Electronics,W3,249,190,20,12,39,10,423.87,2.97,299,1,1,0
1231,Furniture,W1,403,193,25,10,72,48,363.61,3.83,545,1,1,0
1232,Electronics,W4,474,190,24,4,33,34,339.94,1.61,812,1,1,0
1233,Apparel,W1,370,200,36,10,148,39,299.13,4.55,491,1,1,0
1234,Apparel,W2,455,193,20,5,248,50,353.32,2.46,390,0,0,0
1235,Toys,W3,144,25,3,4,213,54,61.98,3.95,118,0,0,0
1236,Toys,W3,857,64,22,7,39,32,302.58,1.72,518,0,0,0
1237,Grocery,W2,105,124,31,10,95,29,201.12,2.47,982,1,1,1
1238,Toys,W5,787,49,7,8,72,28,186.49,2.18,384,0,0,0
1239,Apparel,W4,312,186,30,10,274,12,169.64,3.15,298,0,0,0
1240,Furniture,W3,654,42,43,8,198,55,309.56,4.95,776,1,1,0
1241,Apparel,W1,775,188,49,4,337,21,273.57,4.81,293,0,0,0
1242,Apparel,W5,56,189,16,11,215,45,226.66,3.61,474,1,1,1
1243,Electronics,W4,770,109,43,10,79,25,386.12,2.54,88,0,0,0
1244,Apparel,W5,742,82,32,15,206,38,136.8,4.86,993,1,1,0
1245,Furniture,W1,511,182,27,11,115,60,122.55,3.51,763,1,1,0
1246,Electronics,W5,128,176,11,9,240,24,135.59,0.76,621,1,1,1
1247,Furniture,W4,618,144,14,2,184,56,286,4.44,755,1,1,0
1248,Electronics,W4,898,105,33,15,157,35,181.63,1.77,852,0,0,0
1249,Toys,W3,243,22,37,12,157,24,26.46,1.47,396,1,1,0
1250,Electronics,W4,966,166,11,6,348,14,319.85,4.49,793,0,0,0
1251,Electronics,W5,855,20,20,4,355,42,309.8,3.54,287,0,0,0
1252,Grocery,W4,597,20,28,9,296,26,208.05,1.86,362,0,0,0
1253,Toys,W3,414,191,38,3,214,54,203.15,2.37,183,0,0,0
1254,Grocery,W5,609,102,27,5,202,50,409.71,1.29,701,1,1,0
1255,Grocery,W5,662,168,18,13,216,15,29.2,3.16,152,0,0,0
1256,Toys,W5,997,74,21,14,143,22,89.86,2.44,224,0,0,0
1257,Toys,W4,845,136,8,14,229,29,470.66,0.99,323,0,0,0
1258,Furniture,W3,181,131,47,2,231,15,402.5,0.55,232,1,1,0
1259,Electronics,W4,184,58,5,2,154,27,199.48,3.68,319,1,1,0
1260,Electronics,W2,478,121,42,8,77,34,362.69,0.93,62,0,0,0
1261,Apparel,W4,79,121,13,6,215,35,240.96,0.54,436,1,1,1
1262,Electronics,W2,728,183,9,7,141,46,155.99,4.32,657,0,0,0
1263,Furniture,W4,123,144,44,10,307,38,356.06,1.28,843,1,1,1
1264,Apparel,W5,401,134,25,3,227,43,377.38,4.97,131,0,0,0
1265,Apparel,W1,339,71,20,1,106,16,33.19,1.18,471,1,1,0
1266,Apparel,W5,601,38,27,9,160,15,180.2,2.05,484,0,0,0
1267,Electronics,W3,317,134,37,2,312,27,171.65,4.36,123,0,0,0
1268,Toys,W3,144,77,24,8,51,57,95.08,1.95,732,1,1,0
1269,Grocery,W1,358,27,47,15,263,43,458.2,4.55,234,0,0,0
1270,Toys,W4,326,186,22,5,106,32,457.92,3.11,897,1,1,0
1271,Apparel,W2,592,163,14,5,324,13,251.46,2.27,170,0,0,0
1272,Toys,W3,47,146,26,3,101,60,464.75,4.1,172,1,1,1
1273,Electronics,W5,247,76,33,2,202,48,15.79,1.56,928,1,1,0
1274,Furniture,W3,912,190,42,10,188,44,398.31,2.03,113,0,0,0
1275,Electronics,W4,360,95,7,6,254,49,252.51,3.24,108,0,0,0
1276,Furniture,W2,701,138,24,15,63,38,364.45,3.54,285,0,0,0
1277,Toys,W5,542,140,35,5,324,43,383.75,4.62,684,1,1,0
1278,Toys,W4,799,133,22,9,150,34,99.29,1.41,696,0,0,0
1279,Apparel,W4,113,29,10,9,183,15,239.28,1.7,200,1,1,0
1280,Electronics,W2,224,23,17,6,237,18,460.32,1.98,387,1,1,0
1281,Toys,W1,161,87,13,5,147,57,63.03,0.8,579,1,1,0
1282,Toys,W5,638,139,10,5,158,40,270.26,2.47,804,1,1,0
1283,Grocery,W1,108,71,42,1,75,27,330.83,3.38,871,1,1,0
1284,Grocery,W3,704,94,25,13,259,43,384.41,0.73,935,1,1,0
1285,Toys,W5,868,109,5,1,259,19,492.99,3.94,604,0,0,0
1286,Apparel,W5,861,195,18,8,116,12,113.64,3.48,356,0,0,0
1287,Grocery,W1,815,22,3,8,90,56,84.25,2.2,480,0,0,0
1288,Electronics,W4,210,39,20,13,154,34,397.42,2.06,878,1,1,0
1289,Toys,W3,739,47,32,3,330,35,84.59,3.2,239,0,0,0
1290,Electronics,W3,134,178,36,7,303,25,352.99,2.25,798,1,1,1
1291,Electronics,W1,358,146,45,10,67,27,12.53,3.51,50,0,0,0
1292,Toys,W3,403,98,11,10,81,24,484.79,2.11,706,1,1,0
1293,Apparel,W1,489,64,18,7,38,59,480.28,2.92,774,1,1,0
1294,Electronics,W1,888,161,34,15,74,25,253.48,1.05,729,0,0,0
1295,Apparel,W5,492,64,17,3,338,10,75.26,2.13,873,1,1,0
1296,Apparel,W5,708,47,14,5,149,35,89.27,4.73,389,0,0,0
1297,Grocery,W2,161,40,13,10,177,18,253.98,4.35,745,1,1,0
1298,Grocery,W3,854,64,13,7,103,19,425.52,3.66,669,0,0,0
1299,Electronics,W5,666,70,46,10,72,40,458.85,4.39,438,0,0,0
1300,Furniture,W5,513,153,23,8,257,56,183.46,0.76,984,1,1,0
1301,Grocery,W1,40,159,16,4,47,13,110.37,4.89,626,1,1,1
1302,Furniture,W3,188,109,10,15,191,32,345.52,3.36,893,1,1,0
1303,Grocery,W1,290,13,44,2,230,41,259.54,2.5,72,0,0,0
1304,Grocery,W3,565,86,10,3,187,36,411.04,1.3,908,1,1,0
1305,Toys,W3,405,67,19,7,244,36,391.95,3.4,156,0,0,0
1306,Electronics,W4,296,138,37,15,348,25,434.26,3.62,123,0,0,0
1307,Grocery,W2,295,17,13,6,268,31,144.33,1.75,79,0,0,0
1308,Grocery,W5,627,113,27,2,79,43,402.98,2.89,617,0,0,0
1309,Electronics,W4,761,48,28,15,100,58,297.38,0.63,750,0,0,0
1310,Grocery,W3,184,200,4,11,170,20,282.79,3.81,658,1,1,1
1311,Apparel,W4,693,113,26,10,135,22,210.81,4.38,628,0,0,0
1312,Toys,W5,905,104,15,7,63,54,121.9,3.68,147,0,0,0
1313,Furniture,W2,835,42,42,2,97,50,95,2.01,359,0,0,0
1314,Electronics,W4,336,151,26,15,293,13,146.53,3.68,469,1,1,0
1315,Apparel,W3,111,105,14,6,56,32,76.62,3.44,155,1,1,0
1316,Electronics,W3,893,96,16,5,297,54,489.08,2.61,576,0,0,0
1317,Grocery,W2,206,27,14,9,354,25,87.06,3.82,399,1,1,0
1318,Furniture,W4,577,43,47,8,165,27,450.57,1.4,685,1,1,0
1319,Grocery,W5,267,178,2,7,203,59,445.53,4.73,253,0,0,0
1320,Grocery,W3,741,69,6,8,354,36,254.84,1.57,582,0,0,0
1321,Toys,W2,143,99,2,5,148,14,452.81,0.78,277,1,1,0
1322,Apparel,W2,195,15,21,10,44,37,363.48,1.4,586,1,1,0
1323,Grocery,W3,758,78,16,10,219,46,18.86,1.16,245,0,0,0
1324,Electronics,W5,721,37,11,8,91,16,196.84,2.03,508,0,0,0
1325,Apparel,W1,386,56,44,8,45,35,182.23,1.13,602,1,1,0
1326,Apparel,W5,174,151,19,6,247,39,266.14,2.81,199,1,1,0
1327,Furniture,W2,118,121,25,3,347,25,334.76,1.73,394,1,1,1
1328,Apparel,W5,798,153,43,9,44,48,105.62,1.11,616,0,0,0
1329,Apparel,W3,729,105,24,7,240,24,473.4,2.08,677,0,0,0
1330,Grocery,W5,360,100,31,5,288,29,362.86,1.87,859,1,1,0
1331,Apparel,W5,999,198,36,2,102,43,464.37,3.79,118,0,0,0
1332,Grocery,W2,887,177,42,8,241,37,488.62,4.6,222,0,0,0
1333,Grocery,W4,631,91,29,12,281,53,358.25,2.17,986,1,1,0
1334,Furniture,W1,224,190,18,13,215,47,326.59,1.75,315,1,1,0
1335,Apparel,W4,67,177,13,4,281,30,227.71,3.2,745,1,1,1
1336,Apparel,W3,388,68,34,2,259,33,383.32,4.05,613,1,1,0
1337,Toys,W3,676,145,25,5,344,17,499.39,4.72,991,1,1,0
1338,Toys,W2,315,174,20,10,229,23,19.95,0.86,833,1,1,0
1339,Furniture,W2,395,105,40,13,157,22,113.92,4.82,342,0,0,0
1340,Grocery,W3,98,170,20,9,332,58,208.47,2.09,881,1,1,1
1341,Toys,W1,796,67,11,2,38,12,291.22,1.86,476,0,0,0
1342,Electronics,W4,69,190,42,3,295,36,134.92,1.21,182,1,1,1
1343,Grocery,W5,682,114,17,14,99,40,498.44,1.79,978,1,1,0
1344,Apparel,W5,962,66,29,13,125,15,94.78,4.76,927,0,0,0
1345,Furniture,W4,151,109,4,12,99,23,498.02,2.87,72,0,0,0
1346,Grocery,W3,926,112,31,2,70,33,306.15,2.96,209,0,0,0
1347,Apparel,W1,368,198,38,7,246,47,304.36,4.47,621,1,1,0
1348,Electronics,W4,29,135,50,6,142,18,93.93,4.43,843,1,1,1
1349,Furniture,W2,660,52,5,1,115,23,295.49,2.08,651,0,0,0
1350,Furniture,W5,183,82,47,13,51,59,156.63,2.75,331,1,1,0
1351,Furniture,W3,125,27,1,8,91,27,46.06,2.87,822,1,1,0
1352,Electronics,W2,228,70,44,9,164,34,495.62,3.78,840,1,1,0
1353,Toys,W1,580,92,31,10,289,13,383.73,1.85,367,0,0,0
1354,Furniture,W3,425,158,18,3,244,51,335.25,3.61,636,1,1,0
1355,Electronics,W5,316,76,24,4,69,14,419.78,2.55,994,1,1,0
1356,Toys,W4,261,45,28,14,312,29,344.2,2.01,541,1,1,0
1357,Electronics,W1,126,61,4,5,172,11,485.57,1.34,772,1,1,0
1358,Apparel,W4,69,64,19,2,78,49,85.77,2.5,751,1,1,0
1359,Electronics,W5,616,75,16,1,281,26,280.6,1,751,1,1,0
1360,Grocery,W2,436,136,36,10,103,11,162.69,4.58,118,0,0,0
1361,Apparel,W4,534,109,32,8,102,23,357.93,1.12,681,1,1,0
1362,Furniture,W1,22,199,42,14,268,34,223.22,0.66,397,1,1,1
1363,Furniture,W3,385,25,21,11,102,53,383.71,3.2,291,0,0,0
1364,Grocery,W1,674,194,35,8,107,34,354.85,1.2,287,0,0,0
1365,Furniture,W2,250,120,32,13,43,46,471.1,1.37,246,0,0,0
1366,Grocery,W4,93,169,31,14,363,59,311.49,1.7,591,1,1,1
1367,Toys,W4,65,157,38,9,40,33,193.05,1.52,77,1,1,1
1368,Electronics,W4,850,90,4,6,303,12,332.74,2.8,96,0,0,0
1369,Toys,W5,683,189,30,11,183,15,468.52,0.76,70,0,0,0
1370,Toys,W1,986,176,16,1,341,31,198.97,2.02,336,0,0,0
1371,Electronics,W4,710,42,6,3,337,20,342.56,4.38,604,0,0,0
1372,Apparel,W2,248,110,30,5,160,55,494.76,3.24,499,1,1,0
1373,Electronics,W3,900,80,47,8,205,40,185.57,3.54,337,0,0,0
1374,Apparel,W4,634,12,33,8,336,59,44.76,3.88,718,1,1,0
1375,Grocery,W1,365,98,35,2,196,60,425.54,1.22,807,1,1,0
1376,Furniture,W3,901,107,48,7,127,45,311.17,1.19,663,0,0,0
1377,Toys,W5,584,80,24,13,110,45,443.25,3.89,825,1,1,0
1378,Electronics,W1,569,51,34,2,264,23,13.9,0.56,229,0,0,0
1379,Toys,W4,616,199,2,11,321,37,144.75,3.43,280,0,0,0
1380,Furniture,W2,890,77,2,12,85,26,391.48,4.82,271,0,0,0
1381,Apparel,W5,543,52,36,7,136,13,32.56,0.92,243,0,0,0
1382,Grocery,W5,245,190,27,2,44,20,339.42,3.11,265,1,1,0
1383,Electronics,W2,951,74,43,10,105,12,270.02,3.02,51,0,0,0
1384,Grocery,W3,541,71,35,13,148,44,476.15,1.98,284,0,0,0
1385,Electronics,W4,719,69,20,10,65,33,316.9,3.46,745,1,1,0
1386,Apparel,W4,643,129,31,7,362,13,356.58,4.15,935,1,1,0
1387,Apparel,W3,625,141,39,14,99,29,478.7,3.25,595,0,0,0
1388,Grocery,W3,610,32,32,8,185,58,118.36,2.29,870,1,1,0
1389,Apparel,W1,269,19,41,4,32,16,447.45,3.13,471,1,1,0
1390,Furniture,W1,267,190,20,6,179,19,307.48,2.1,315,1,1,0
1391,Electronics,W4,931,133,1,10,334,34,136.29,2.56,342,0,0,0
1392,Toys,W2,491,137,7,11,105,30,432.46,4.48,285,0,0,0
1393,Apparel,W5,513,26,9,8,121,32,273.8,3.42,325,0,0,0
1394,Toys,W1,907,13,23,10,151,12,320.37,4.57,969,1,1,0
1395,Apparel,W1,440,125,17,10,53,29,236.64,0.61,227,0,0,0
1396,Toys,W3,349,134,12,1,260,11,498.85,2.31,344,0,0,0
1397,Furniture,W1,908,17,37,7,216,43,365.17,4.48,393,0,0,0
1398,Electronics,W4,669,170,25,8,326,48,338.23,3.51,706,1,1,0
1399,Electronics,W5,827,68,11,6,148,45,88.7,2.82,268,0,0,0
1400,Apparel,W3,877,53,6,12,250,45,270.15,0.94,437,0,0,0
1401,Furniture,W3,501,167,37,7,250,16,236.38,0.81,657,1,1,0
1402,Grocery,W4,899,135,12,11,281,41,133.04,3.36,422,0,0,0
1403,Toys,W5,740,78,16,13,290,44,149.84,4.26,237,0,0,0
1404,Apparel,W4,298,78,12,4,223,10,168.3,1.61,601,1,1,0
1405,Furniture,W4,84,30,42,15,225,46,469.71,3.35,72,0,0,0
1406,Furniture,W3,368,119,11,15,318,57,103.9,2.07,565,1,1,0
1407,Grocery,W1,429,42,36,6,152,27,285.16,2.63,169,0,0,0
1408,Electronics,W3,337,39,36,2,151,43,323.1,1.34,476,1,1,0
1409,Toys,W4,911,75,27,1,127,52,408.3,0.92,138,0,0,0
1410,Furniture,W2,994,30,42,6,155,52,482.42,3.46,600,0,0,0
1411,Furniture,W5,813,79,47,13,181,16,495.98,1.6,640,0,0,0
1412,Grocery,W4,722,185,10,9,258,54,478.65,2.78,867,1,1,0
1413,Electronics,W3,635,45,26,4,134,11,61.46,4.19,606,0,0,0
1414,Grocery,W5,973,109,5,12,83,33,379.35,2,764,0,0,0
1415,Electronics,W1,694,189,2,12,204,22,356.44,2.81,442,0,0,0
1416,Grocery,W1,898,155,46,6,282,48,75.24,2.24,613,0,0,0
1417,Toys,W4,955,89,29,6,42,52,122.76,3.88,769,0,0,0
1418,Electronics,W3,548,172,13,2,339,46,107.24,1.68,527,0,0,0
1419,Toys,W5,346,60,49,12,48,11,212.72,3.93,463,1,1,0
1420,Furniture,W3,502,47,20,13,129,33,50.3,1.62,502,0,0,0
1421,Furniture,W1,339,147,3,11,126,18,225.17,0.62,999,1,1,0
1422,Toys,W3,499,192,38,14,39,31,403.4,4.82,778,1,1,0
1423,Electronics,W4,206,173,44,6,204,37,385.24,3.81,695,1,1,0
1424,Electronics,W1,92,107,2,15,40,27,14.54,3.83,609,1,1,1
1425,Grocery,W4,761,52,24,1,232,38,306.56,4.08,464,0,0,0
1426,Furniture,W2,986,131,11,5,243,15,341.32,3.59,265,0,0,0
1427,Electronics,W1,177,14,25,11,48,60,154.22,3.05,184,1,1,0
1428,Toys,W4,196,108,25,9,182,16,497.72,4.93,272,1,1,0
1429,Electronics,W4,290,106,44,5,221,52,442.46,1.57,114,0,0,0
1430,Furniture,W4,241,116,34,5,352,34,228.36,4.5,442,1,1,0
1431,Furniture,W5,195,110,18,2,236,19,119.46,1.89,276,1,1,0
1432,Grocery,W2,53,131,22,1,265,53,354.8,0.97,707,1,1,1
1433,Grocery,W5,717,129,23,5,308,31,85.19,2.42,145,0,0,0
1434,Apparel,W4,121,77,27,11,228,27,99.45,1.39,634,1,1,0
1435,Electronics,W5,300,42,38,9,308,58,298.82,3.33,680,1,1,0
1436,Electronics,W1,128,151,14,5,306,32,403.24,1.26,740,1,1,1
1437,Apparel,W4,841,104,43,8,272,17,169.67,4.54,913,1,1,0
1438,Apparel,W3,500,119,20,1,301,17,190.33,4.72,427,0,0,0
1439,Electronics,W2,592,44,18,6,306,50,10.11,1.55,421,0,0,0
1440,Toys,W3,631,84,2,3,275,27,146.83,2.38,242,0,0,0
1441,Furniture,W3,627,75,39,4,173,30,208.01,1.35,578,0,0,0
1442,Toys,W1,648,141,20,6,164,56,268.49,3.71,223,0,0,0
1443,Furniture,W2,368,38,5,14,186,39,212.65,1.33,129,0,0,0
1444,Electronics,W4,551,31,17,13,47,52,456.5,3.98,479,0,0,0
1445,Electronics,W1,150,59,4,14,269,18,126.15,2.25,989,1,1,0
1446,Electronics,W3,962,192,20,10,77,41,390.8,2.96,836,0,0,0
1447,Electronics,W3,913,106,36,11,202,24,356.83,2.45,611,0,0,0
1448,Furniture,W1,109,66,38,13,201,28,138.1,0.7,681,1,1,0
1449,Furniture,W5,635,145,39,12,264,25,486.68,2.77,495,0,0,0
1450,Electronics,W5,743,136,33,6,76,21,122.41,4.1,293,0,0,0
1451,Electronics,W1,359,69,20,2,113,20,46.19,0.92,305,0,0,0
1452,Furniture,W2,888,19,37,9,126,56,179.04,2.05,380,0,0,0
1453,Toys,W1,179,139,30,13,271,22,299.72,2.98,288,1,1,0
1454,Furniture,W2,138,88,15,10,349,18,138.54,3.21,331,1,1,0
1455,Toys,W4,231,171,47,15,285,43,301.61,4.78,169,0,0,0
1456,Furniture,W4,812,76,46,11,187,57,108.88,4.62,462,0,0,0
1457,Grocery,W3,649,116,44,4,103,46,486.27,1.39,965,1,1,0
1458,Furniture,W5,544,61,39,8,201,36,161.64,2.99,130,0,0,0
1459,Electronics,W1,506,32,14,13,190,34,32.66,3.98,489,0,0,0
1460,Apparel,W4,801,109,1,11,65,29,271.91,4.56,216,0,0,0
1461,Apparel,W5,746,140,30,6,301,50,415.51,2.15,731,0,0,0
1462,Furniture,W1,941,45,17,6,100,24,345.16,0.71,325,0,0,0
1463,Apparel,W5,495,80,36,11,359,36,476.67,4.23,303,0,0,0
1464,Toys,W1,196,19,2,5,124,27,363.81,0.54,748,1,1,0
1465,Furniture,W4,63,30,47,9,146,21,268.72,2.51,94,1,1,0
1466,Toys,W1,318,99,40,3,300,57,488.22,2.66,639,1,1,0
1467,Electronics,W4,311,30,20,8,265,29,101.89,2.4,686,1,1,0
1468,Toys,W2,943,118,9,1,262,17,152.37,3.34,161,0,0,0
1469,Grocery,W3,521,13,47,11,147,34,405.5,4.2,342,0,0,0
1470,Grocery,W2,185,52,37,1,106,34,289.99,3.74,693,1,1,0
1471,Electronics,W2,82,10,26,4,152,59,89.56,2.79,464,1,1,0
1472,Apparel,W5,224,102,35,11,207,25,298.5,2.02,631,1,1,0
1473,Apparel,W1,912,152,20,2,63,42,34.4,2.66,643,0,0,0
1474,Grocery,W4,872,73,48,9,170,49,237.08,4.15,766,0,0,0
1475,Grocery,W5,109,186,18,8,252,25,422.91,0.76,450,1,1,1
1476,Furniture,W4,703,158,3,11,318,30,423.99,4.88,452,0,0,0
1477,Furniture,W5,504,169,5,5,55,39,470.09,2.67,637,1,1,0
1478,Electronics,W4,64,78,34,8,68,28,429.89,3.92,903,1,1,1
1479,Furniture,W4,293,161,9,15,236,46,88.55,3.39,794,1,1,0
1480,Electronics,W2,690,171,23,1,255,31,238.36,0.62,98,0,0,0
1481,Grocery,W1,208,14,5,13,348,38,308.61,2.79,931,1,1,0
1482,Furniture,W1,885,35,22,7,149,32,11.42,4.3,456,0,0,0
1483,Electronics,W2,585,55,6,3,253,34,92.16,1.32,966,1,1,0
1484,Grocery,W5,74,154,34,1,359,12,396.78,0.96,80,1,1,1
1485,Electronics,W5,679,133,26,9,354,46,102.1,1.24,914,1,1,0
1486,Toys,W1,414,176,20,9,171,30,123.52,3.55,684,1,1,0
1487,Grocery,W5,936,64,20,9,331,40,43.15,3.56,645,0,0,0
1488,Apparel,W4,851,28,34,7,122,34,413.82,3.14,591,0,0,0
1489,Electronics,W5,722,100,42,9,255,12,27.62,1.95,468,0,0,0
1490,Apparel,W4,497,22,50,4,298,27,47.14,1.03,218,0,0,0
1491,Grocery,W2,299,111,41,4,307,31,444.55,4.45,729,1,1,0
1492,Electronics,W5,795,143,44,3,258,39,272.09,0.97,305,0,0,0
1493,Furniture,W4,253,88,42,8,356,47,488.23,3.83,563,1,1,0
1494,Toys,W3,792,162,49,10,309,39,203.16,4.65,436,0,0,0
1495,Grocery,W4,187,199,14,5,209,33,66.05,0.56,337,1,1,1
1496,Electronics,W1,319,96,31,6,238,31,215.42,1.26,149,0,0,0
1497,Apparel,W4,486,165,10,6,358,26,132.15,4.31,412,0,0,0
1498,Electronics,W1,735,81,10,3,337,41,380.57,3.62,775,1,1,0
1499,Grocery,W3,44,56,2,13,155,60,228.18,2.86,333,1,1,1
1500,Toys,W1,745,139,28,14,199,34,482.28,3.3,151,0,0,0
